swe-milestone/navidrome_navidrome_v0.57.0_v0.58.0__base:v1.0	hyd2apse/swe-milestone__navidrome_navidrome_v0.57.0_v0.58.0__base@sha256:fc265d74f8e4923913cf0d00dc0f752930645c9e0804cb1f168edbbc6dfdf4c0
swe-milestone/navidrome_navidrome_v0.57.0_v0.58.0__base-offline:v1.0	hyd2apse/swe-milestone__navidrome_navidrome_v0.57.0_v0.58.0__base-offline@sha256:b070cd3e99956aa5999aa3296ed59c6190915f99ec57ec0d72543184035910f4
swe-milestone/navidrome_navidrome_v0.57.0_v0.58.0__milestone_001:v1.0	hyd2apse/swe-milestone__navidrome_navidrome_v0.57.0_v0.58.0__milestone_001@sha256:2a42a630c9a6b6af51e33d9a2764b1f822cabb7f91394bb35cceef567fd033df
swe-milestone/navidrome_navidrome_v0.57.0_v0.58.0__milestone_002:v1.0	hyd2apse/swe-milestone__navidrome_navidrome_v0.57.0_v0.58.0__milestone_002@sha256:f8e9a7704707321c78f7d7d86c2fbfb545aaa0b69db2c0d66031eca18372fe72
swe-milestone/navidrome_navidrome_v0.57.0_v0.58.0__milestone_003_sub-01:v1.0	hyd2apse/swe-milestone__navidrome_navidrome_v0.57.0_v0.58.0__milestone_003_sub-01@sha256:01d4837f69839e98fc4b73950476832e69911b4cfb661f469f702a5d3a90a141
swe-milestone/navidrome_navidrome_v0.57.0_v0.58.0__milestone_003_sub-02:v1.0	hyd2apse/swe-milestone__navidrome_navidrome_v0.57.0_v0.58.0__milestone_003_sub-02@sha256:1c35cc17b442aaca882e9d363b4e6dc67587825e824c261c09455861735786b9
swe-milestone/navidrome_navidrome_v0.57.0_v0.58.0__milestone_003_sub-03:v1.0	hyd2apse/swe-milestone__navidrome_navidrome_v0.57.0_v0.58.0__milestone_003_sub-03@sha256:639a644420bcb47a4dd983bcf7479bcabf1c3a73d54086b1d67ee6bea4a7179c
swe-milestone/navidrome_navidrome_v0.57.0_v0.58.0__milestone_003_sub-04:v1.0	hyd2apse/swe-milestone__navidrome_navidrome_v0.57.0_v0.58.0__milestone_003_sub-04@sha256:e0dc46d376c04163cf2abb850e89ffc0ee4b55da54fd767249fefacefbe4a55b
swe-milestone/navidrome_navidrome_v0.57.0_v0.58.0__milestone_004:v1.0	hyd2apse/swe-milestone__navidrome_navidrome_v0.57.0_v0.58.0__milestone_004@sha256:ef2f31c0796b7edebfc4c71862c1587e5a1f86ab8708ac1e1355070860b91e1f
swe-milestone/navidrome_navidrome_v0.57.0_v0.58.0__milestone_006:v1.0	hyd2apse/swe-milestone__navidrome_navidrome_v0.57.0_v0.58.0__milestone_006@sha256:ad8a95949b96ac2e8aee8537fd82b3dd3e82eb61cb1470c34d3a834c867a60bd
swe-milestone/navidrome_navidrome_v0.57.0_v0.58.0__milestone_007:v1.0	hyd2apse/swe-milestone__navidrome_navidrome_v0.57.0_v0.58.0__milestone_007@sha256:5de6c857663f0a7de85e811592bb9352a2ea13906026d2977b7fb74e3cda6858
swe-milestone/apache_dubbo_dubbo-3.3.3_dubbo-3.3.6__base:v1.0	hyd2apse/swe-milestone__apache_dubbo_dubbo-3.3.3_dubbo-3.3.6__base@sha256:3a6761fea2652b0851af27e500ac697a0591ddc99049c916ccb841246d498fc8
swe-milestone/apache_dubbo_dubbo-3.3.3_dubbo-3.3.6__base-offline:v1.0	hyd2apse/swe-milestone__apache_dubbo_dubbo-3.3.3_dubbo-3.3.6__base-offline@sha256:b130dea11deaf23a1bc42d1c0c834e38875375f360db559712c799577f08eda3
swe-milestone/apache_dubbo_dubbo-3.3.3_dubbo-3.3.6__m001.1:v1.0	hyd2apse/swe-milestone__apache_dubbo_dubbo-3.3.3_dubbo-3.3.6__m001.1@sha256:12ee65fb2c781d0728415dcdda2d1b68b09ff611b6d2d7c5c70bdca89b8dfc9c
swe-milestone/apache_dubbo_dubbo-3.3.3_dubbo-3.3.6__m001.2:v1.0	hyd2apse/swe-milestone__apache_dubbo_dubbo-3.3.3_dubbo-3.3.6__m001.2@sha256:7324aa87520d03291fe68adcefefbce961bd91000ddd8814f564054b1d89777a
swe-milestone/apache_dubbo_dubbo-3.3.3_dubbo-3.3.6__m003.1:v1.0	hyd2apse/swe-milestone__apache_dubbo_dubbo-3.3.3_dubbo-3.3.6__m003.1@sha256:a3a4af2a92a0e8244e17aeb5a2dd497490d0fb677e81efb4cc021aabf291a1bb
swe-milestone/apache_dubbo_dubbo-3.3.3_dubbo-3.3.6__m003.2:v1.0	hyd2apse/swe-milestone__apache_dubbo_dubbo-3.3.3_dubbo-3.3.6__m003.2@sha256:441ae11d78c646c34fde4956b257bebe186a9ce0edcfb0a1350237ed48f80340
swe-milestone/apache_dubbo_dubbo-3.3.3_dubbo-3.3.6__m003.3:v1.0	hyd2apse/swe-milestone__apache_dubbo_dubbo-3.3.3_dubbo-3.3.6__m003.3@sha256:e5b741f7bb400076e53fb0237dd4a397c220376bb026abf6ec746c57b1e5903a
swe-milestone/apache_dubbo_dubbo-3.3.3_dubbo-3.3.6__m004:v1.0	hyd2apse/swe-milestone__apache_dubbo_dubbo-3.3.3_dubbo-3.3.6__m004@sha256:cc073d9ebf5992e32a16f2eaee1919f4dc17428a9598d40faf2a7d051700e592
swe-milestone/apache_dubbo_dubbo-3.3.3_dubbo-3.3.6__m006:v1.0	hyd2apse/swe-milestone__apache_dubbo_dubbo-3.3.3_dubbo-3.3.6__m006@sha256:6a4611cf9a35f8dd55920ef16c6834422ddf25757d66a8bf9f365a3991fc3fc8
swe-milestone/apache_dubbo_dubbo-3.3.3_dubbo-3.3.6__m011:v1.0	hyd2apse/swe-milestone__apache_dubbo_dubbo-3.3.3_dubbo-3.3.6__m011@sha256:20028e8df636db3e20c543f7ce9c291cdc9f93b364ed1ae21df4bfb539c7a4a0
swe-milestone/apache_dubbo_dubbo-3.3.3_dubbo-3.3.6__m016.1:v1.0	hyd2apse/swe-milestone__apache_dubbo_dubbo-3.3.3_dubbo-3.3.6__m016.1@sha256:04491d9f849b59e765d3dfa509f03f4e4c1386a9fcec3f9ccf6fcb73a611f38e
swe-milestone/apache_dubbo_dubbo-3.3.3_dubbo-3.3.6__m017:v1.0	hyd2apse/swe-milestone__apache_dubbo_dubbo-3.3.3_dubbo-3.3.6__m017@sha256:adf7015a058429f0a6c85cf2b0de773722bfe13f3835d795305ec3acc135866d
swe-milestone/apache_dubbo_dubbo-3.3.3_dubbo-3.3.6__m018:v1.0	hyd2apse/swe-milestone__apache_dubbo_dubbo-3.3.3_dubbo-3.3.6__m018@sha256:91acfcc53f610f1bb2bcfd0822921ab3c460028003eb329376804957b085b3a1
swe-milestone/apache_dubbo_dubbo-3.3.3_dubbo-3.3.6__m019:v1.0	hyd2apse/swe-milestone__apache_dubbo_dubbo-3.3.3_dubbo-3.3.6__m019@sha256:896a82be3690416cd4f684b4ff6ebff84c7cd18c789eecd82586c8a03fb41b95
swe-milestone/apache_dubbo_dubbo-3.3.3_dubbo-3.3.6__m025:v1.0	hyd2apse/swe-milestone__apache_dubbo_dubbo-3.3.3_dubbo-3.3.6__m025@sha256:3734e8d5dd12ae76dfa561e1dcc054d3f8b792133c114452d9592b7918a244e9
swe-milestone/burntsushi_ripgrep_14.1.1_15.0.0__base:v1.0	hyd2apse/swe-milestone__burntsushi_ripgrep_14.1.1_15.0.0__base@sha256:526c15fe56388500faee632651e80c272a1efb8519b0cc2998a0d710d3c18dc4
swe-milestone/burntsushi_ripgrep_14.1.1_15.0.0__base-offline:v1.0	hyd2apse/swe-milestone__burntsushi_ripgrep_14.1.1_15.0.0__base-offline@sha256:a22b225816bfc9fa243456a710bfc6e25ba6342c1162053a7876a73bfdec7e58
swe-milestone/burntsushi_ripgrep_14.1.1_15.0.0__milestone_seed_119407d_1_sub-01:v1.0	hyd2apse/swe-milestone__burntsushi_ripgrep_14.1.1_15.0.0__milestone_seed_119407d_1_sub-01@sha256:89dfeaa92992c7ae5deb13193980f9ab3d5e21735b536f6d436d3ab9ccf0db1a
swe-milestone/burntsushi_ripgrep_14.1.1_15.0.0__milestone_seed_119407d_1_sub-02:v1.0	hyd2apse/swe-milestone__burntsushi_ripgrep_14.1.1_15.0.0__milestone_seed_119407d_1_sub-02@sha256:440821f96bc7e7e92fb60eb93870b2f96a8c3f2ba7952fe23b87dab7dfcebc34
swe-milestone/burntsushi_ripgrep_14.1.1_15.0.0__milestone_seed_292bc54_1:v1.0	hyd2apse/swe-milestone__burntsushi_ripgrep_14.1.1_15.0.0__milestone_seed_292bc54_1@sha256:280e2ee78e35af8e024f729c2950ae4b399cc6e2f64d9eacac1a23120d5355aa
swe-milestone/burntsushi_ripgrep_14.1.1_15.0.0__milestone_seed_5f5da48_1_sub-01:v1.0	hyd2apse/swe-milestone__burntsushi_ripgrep_14.1.1_15.0.0__milestone_seed_5f5da48_1_sub-01@sha256:d3786d1e741df9abd00cceea5f5a053b2d8930458eb6d5826a4f55a1be44b9f0
swe-milestone/burntsushi_ripgrep_14.1.1_15.0.0__milestone_seed_5f5da48_1_sub-02:v1.0	hyd2apse/swe-milestone__burntsushi_ripgrep_14.1.1_15.0.0__milestone_seed_5f5da48_1_sub-02@sha256:b8ac7d51cfe11d93df3cde1017509d0cbdf784f50b3ebc6cfc3cd86ce5fa39a3
swe-milestone/burntsushi_ripgrep_14.1.1_15.0.0__milestone_seed_b610d1c_1:v1.0	hyd2apse/swe-milestone__burntsushi_ripgrep_14.1.1_15.0.0__milestone_seed_b610d1c_1@sha256:af5d30023cfcd5f4f51b8488102aa6aaa73497303d4a9983e61f25bcce0908bb
swe-milestone/burntsushi_ripgrep_14.1.1_15.0.0__milestone_seed_2924d0c_1:v1.0	hyd2apse/swe-milestone__burntsushi_ripgrep_14.1.1_15.0.0__milestone_seed_2924d0c_1@sha256:61ffeab751cae994ded9af639347fa6791ab8e7413e64ba2a616b3e3d0c96d09
swe-milestone/burntsushi_ripgrep_14.1.1_15.0.0__milestone_seed_8c6595c_1:v1.0	hyd2apse/swe-milestone__burntsushi_ripgrep_14.1.1_15.0.0__milestone_seed_8c6595c_1@sha256:684a9574007f298cafe9ca674b886fb0e880565da75a634e8e892fe56234d116
swe-milestone/burntsushi_ripgrep_14.1.1_15.0.0__milestone_seed_a6e0be3_1_sub-01:v1.0	hyd2apse/swe-milestone__burntsushi_ripgrep_14.1.1_15.0.0__milestone_seed_a6e0be3_1_sub-01@sha256:9afad34a6b8bbd488a678b977c8ea1565fc7136b71003c609633351000620b28
swe-milestone/burntsushi_ripgrep_14.1.1_15.0.0__milestone_seed_a6e0be3_1_sub-02:v1.0	hyd2apse/swe-milestone__burntsushi_ripgrep_14.1.1_15.0.0__milestone_seed_a6e0be3_1_sub-02@sha256:c890824ffab09bf750d180005b174690a101812466ad2c7204c1f99790d775c4
swe-milestone/burntsushi_ripgrep_14.1.1_15.0.0__maintenance_style_1:v1.0	hyd2apse/swe-milestone__burntsushi_ripgrep_14.1.1_15.0.0__maintenance_style_1@sha256:808454ff7c70b166b33135d563beb1b859044ffc8b9289f7bf3fc03368823b7f
swe-milestone/burntsushi_ripgrep_14.1.1_15.0.0__maintenance_fixes_1_sub-01:v1.0	hyd2apse/swe-milestone__burntsushi_ripgrep_14.1.1_15.0.0__maintenance_fixes_1_sub-01@sha256:3157aa5b52406ddc6e48df65bf8f5003d650327c83cf89b11874c7f01113b425
swe-milestone/burntsushi_ripgrep_14.1.1_15.0.0__maintenance_fixes_1_sub-02:v1.0	hyd2apse/swe-milestone__burntsushi_ripgrep_14.1.1_15.0.0__maintenance_fixes_1_sub-02@sha256:cc343e451c71c43b7d670cd446813bb8262fe5d15281dfcfa6694be3dfc5f09b
swe-milestone/scikit-learn_scikit-learn_1.5.2_1.6.0__base:v1.0	hyd2apse/swe-milestone__scikit-learn_scikit-learn_1.5.2_1.6.0__base@sha256:67ad1881b6c6510ade7fd99fe816e79a3595aeefe13ac0b40f94c388f0fd86a0
swe-milestone/scikit-learn_scikit-learn_1.5.2_1.6.0__base-offline:v1.0	hyd2apse/swe-milestone__scikit-learn_scikit-learn_1.5.2_1.6.0__base-offline@sha256:2b77ce7d7030461e3e7ca67e47d910d7fa0e6784c7520c62f183ebcde837bd0a
swe-milestone/scikit-learn_scikit-learn_1.5.2_1.6.0__m01:v1.0	hyd2apse/swe-milestone__scikit-learn_scikit-learn_1.5.2_1.6.0__m01@sha256:506663553187d1478263799c22d0c0cff58cac4b45e54bdf6bf1197ae0593bca
swe-milestone/scikit-learn_scikit-learn_1.5.2_1.6.0__m03:v1.0	hyd2apse/swe-milestone__scikit-learn_scikit-learn_1.5.2_1.6.0__m03@sha256:98338c23a8dfcbf06d9d15acfe529357fdcf0d947ab04f06a00eb7674178f199
swe-milestone/scikit-learn_scikit-learn_1.5.2_1.6.0__m04:v1.0	hyd2apse/swe-milestone__scikit-learn_scikit-learn_1.5.2_1.6.0__m04@sha256:6de6db606882a1ee12bd553a14737eefae33494bf822fd57c779fa5d53f5b3fb
swe-milestone/scikit-learn_scikit-learn_1.5.2_1.6.0__m06:v1.0	hyd2apse/swe-milestone__scikit-learn_scikit-learn_1.5.2_1.6.0__m06@sha256:5c3349cede1dee4f18f916958c6da21648a34ed0e400ad583f0b5b6e6097186a
swe-milestone/scikit-learn_scikit-learn_1.5.2_1.6.0__m11:v1.0	hyd2apse/swe-milestone__scikit-learn_scikit-learn_1.5.2_1.6.0__m11@sha256:656473750f77656ad9d9adaa173444e6ac698bbe16ae02704d5dc106d3e1cd46
swe-milestone/scikit-learn_scikit-learn_1.5.2_1.6.0__m12.1:v1.0	hyd2apse/swe-milestone__scikit-learn_scikit-learn_1.5.2_1.6.0__m12.1@sha256:587b84333334ce59695467175b20978bb8f94c9a6784606a38ce19c0db98173a
swe-milestone/scikit-learn_scikit-learn_1.5.2_1.6.0__m12.2:v1.0	hyd2apse/swe-milestone__scikit-learn_scikit-learn_1.5.2_1.6.0__m12.2@sha256:62f87fe3e111380f89d223f07f4439ed44d7ee5ea4bf3937b7dd63988aeda795
swe-milestone/scikit-learn_scikit-learn_1.5.2_1.6.0__m12.3:v1.0	hyd2apse/swe-milestone__scikit-learn_scikit-learn_1.5.2_1.6.0__m12.3@sha256:c220c5ca7b3ce26e5f5af31868b614f9355f1eeeaed44960b9ea901fcc69f119
swe-milestone/scikit-learn_scikit-learn_1.5.2_1.6.0__m12.4:v1.0	hyd2apse/swe-milestone__scikit-learn_scikit-learn_1.5.2_1.6.0__m12.4@sha256:cfc43ee43082b50b540bd598d672fdbe4f9bc2d10488102faea48dfe45a9ae8d
swe-milestone/scikit-learn_scikit-learn_1.5.2_1.6.0__m12.5:v1.0	hyd2apse/swe-milestone__scikit-learn_scikit-learn_1.5.2_1.6.0__m12.5@sha256:0b7517b22ed704edee0b9c7c7672840ed1ad31ac427f4c369da3d1d57e6d1407
swe-milestone/scikit-learn_scikit-learn_1.5.2_1.6.0__m13:v1.0	hyd2apse/swe-milestone__scikit-learn_scikit-learn_1.5.2_1.6.0__m13@sha256:a570ed3fbacceed5b18a18a5251dd6d1e5d6233387c0e989078230540efbcd81
swe-milestone/scikit-learn_scikit-learn_1.5.2_1.6.0__m17:v1.0	hyd2apse/swe-milestone__scikit-learn_scikit-learn_1.5.2_1.6.0__m17@sha256:2807dc2d64f9aecd4af059f7e5948b791bedef2c22e4e038227745694e6a12b2
swe-milestone/zeromicro_go-zero_v1.6.0_v1.9.3__base:v1.0	hyd2apse/swe-milestone__zeromicro_go-zero_v1.6.0_v1.9.3__base@sha256:95d2764ff3b1b8f1d012300a5e49e814d7eb975c6f0abdd62bb3e4b6afaf3b51
swe-milestone/zeromicro_go-zero_v1.6.0_v1.9.3__base-offline:v1.0	hyd2apse/swe-milestone__zeromicro_go-zero_v1.6.0_v1.9.3__base-offline@sha256:78704fa8e6158d4626019ab0f3450e93989e279fe740281ff8c844ab8a5d8616
swe-milestone/zeromicro_go-zero_v1.6.0_v1.9.3__m001:v1.0	hyd2apse/swe-milestone__zeromicro_go-zero_v1.6.0_v1.9.3__m001@sha256:0315a377359fe2f33c8b12ca5d0bc93d50a5ad4040d530951225deaa27b110e8
swe-milestone/zeromicro_go-zero_v1.6.0_v1.9.3__m003:v1.0	hyd2apse/swe-milestone__zeromicro_go-zero_v1.6.0_v1.9.3__m003@sha256:ce9b081b6362d7ccf8c77b528817b0abc97b02bfa069c33251b618730689565e
swe-milestone/zeromicro_go-zero_v1.6.0_v1.9.3__m004:v1.0	hyd2apse/swe-milestone__zeromicro_go-zero_v1.6.0_v1.9.3__m004@sha256:10cd4f9feb1d0bff3f74c81a156f8a789a582d41f7518ef258034b138e142f77
swe-milestone/zeromicro_go-zero_v1.6.0_v1.9.3__m005:v1.0	hyd2apse/swe-milestone__zeromicro_go-zero_v1.6.0_v1.9.3__m005@sha256:942d707e977462f87fc94a3a79c84e8dc9b2e8336ba132f0aa3cfe5f1e6dd20d
swe-milestone/zeromicro_go-zero_v1.6.0_v1.9.3__m007.1:v1.0	hyd2apse/swe-milestone__zeromicro_go-zero_v1.6.0_v1.9.3__m007.1@sha256:d25b415e77fb0ecc6290c33db5d7c2e7d646083b04bc5fbefa5e747dad9bf03b
swe-milestone/zeromicro_go-zero_v1.6.0_v1.9.3__m007.2:v1.0	hyd2apse/swe-milestone__zeromicro_go-zero_v1.6.0_v1.9.3__m007.2@sha256:d78536db36e8902577b4eb0df4d9290644ff70cc8105f4941e2d7a022863e57e
swe-milestone/zeromicro_go-zero_v1.6.0_v1.9.3__m008:v1.0	hyd2apse/swe-milestone__zeromicro_go-zero_v1.6.0_v1.9.3__m008@sha256:6da9638aaabe2a9c3aabad1c10fabc1f4612eb4aa52864be8c83eb165de55cd1
swe-milestone/zeromicro_go-zero_v1.6.0_v1.9.3__m009:v1.0	hyd2apse/swe-milestone__zeromicro_go-zero_v1.6.0_v1.9.3__m009@sha256:0132b92f5e5a0945f87ea69c394df620a4f26ac613964d616b515d29a3bf41a8
swe-milestone/zeromicro_go-zero_v1.6.0_v1.9.3__m010:v1.0	hyd2apse/swe-milestone__zeromicro_go-zero_v1.6.0_v1.9.3__m010@sha256:ba639552e312587f045114db7f6ef557b57b1614856300c54ce5577a6102546f
swe-milestone/zeromicro_go-zero_v1.6.0_v1.9.3__m013:v1.0	hyd2apse/swe-milestone__zeromicro_go-zero_v1.6.0_v1.9.3__m013@sha256:f350643db2c218593b7346d82371262f135d5caa951ca9df087176c0d5b7161b
swe-milestone/zeromicro_go-zero_v1.6.0_v1.9.3__m014:v1.0	hyd2apse/swe-milestone__zeromicro_go-zero_v1.6.0_v1.9.3__m014@sha256:9cb61a447836322efa6e472897903fd29aa059924ce1797ad35d1591dec46eb1
swe-milestone/zeromicro_go-zero_v1.6.0_v1.9.3__m017:v1.0	hyd2apse/swe-milestone__zeromicro_go-zero_v1.6.0_v1.9.3__m017@sha256:bf6e9b38c15c90dbb7d4fe694107c8f660008ecfbf79b3be4c918ab24e629e8d
swe-milestone/zeromicro_go-zero_v1.6.0_v1.9.3__m018:v1.0	hyd2apse/swe-milestone__zeromicro_go-zero_v1.6.0_v1.9.3__m018@sha256:2cc7d0af1bc45038a3d4865499c5108e7920df0ca8fb32064953fa19304b4dc6
swe-milestone/zeromicro_go-zero_v1.6.0_v1.9.3__m019:v1.0	hyd2apse/swe-milestone__zeromicro_go-zero_v1.6.0_v1.9.3__m019@sha256:13dfa372593962c43507ed26d28eeb320cf31abfa5c76590de3425aef1ac6b59
swe-milestone/zeromicro_go-zero_v1.6.0_v1.9.3__m020:v1.0	hyd2apse/swe-milestone__zeromicro_go-zero_v1.6.0_v1.9.3__m020@sha256:5b439c414ffc1688ec47011ce56898dbcb7379ab4131a40f6eed4bb6ad647292
swe-milestone/zeromicro_go-zero_v1.6.0_v1.9.3__m021:v1.0	hyd2apse/swe-milestone__zeromicro_go-zero_v1.6.0_v1.9.3__m021@sha256:1ba8744b52f3b173bfd988a4fc9372c4b6ff711815b86245ce950b26a77df3b3
swe-milestone/zeromicro_go-zero_v1.6.0_v1.9.3__m022:v1.0	hyd2apse/swe-milestone__zeromicro_go-zero_v1.6.0_v1.9.3__m022@sha256:6e5daa8fa074784cc8ce84c46fd9213b2edfc0a46a857ce6d9c6fdbfaa383337
swe-milestone/zeromicro_go-zero_v1.6.0_v1.9.3__m023:v1.0	hyd2apse/swe-milestone__zeromicro_go-zero_v1.6.0_v1.9.3__m023@sha256:ce31b5e4b49391a164a044a7ba952b23cb4c5a70f4bc1a145c02c1f30a145dd0
swe-milestone/zeromicro_go-zero_v1.6.0_v1.9.3__m024:v1.0	hyd2apse/swe-milestone__zeromicro_go-zero_v1.6.0_v1.9.3__m024@sha256:0f4ca87b5545568087bbefd6df1e7ba58d6eb396690537801d95242b2b45f75e
swe-milestone/zeromicro_go-zero_v1.6.0_v1.9.3__m025:v1.0	hyd2apse/swe-milestone__zeromicro_go-zero_v1.6.0_v1.9.3__m025@sha256:5128ab8d5b1095a4516341ce80bb6ded1751b476279b548778fc420a5abd59d4
swe-milestone/zeromicro_go-zero_v1.6.0_v1.9.3__m026:v1.0	hyd2apse/swe-milestone__zeromicro_go-zero_v1.6.0_v1.9.3__m026@sha256:cbacf593ba452a0b717591866f64089e67654073758d471e125c2296ed548dae
swe-milestone/zeromicro_go-zero_v1.6.0_v1.9.3__m027:v1.0	hyd2apse/swe-milestone__zeromicro_go-zero_v1.6.0_v1.9.3__m027@sha256:7a837130c6faa1e2079b69ad6f600e544fefd093415685922e4d01d0b8e065f2
swe-milestone/zeromicro_go-zero_v1.6.0_v1.9.3__m028:v1.0	hyd2apse/swe-milestone__zeromicro_go-zero_v1.6.0_v1.9.3__m028@sha256:7a8376bfb4f975f10257987cbf3c68a6859acb2784c7453b540465fa3932e46d
swe-milestone/element-hq_element-web_v1.11.95_v1.11.97__base:v1.0	hyd2apse/swe-milestone__element-hq_element-web_v1.11.95_v1.11.97__base@sha256:6df669f49c314d17888e0ae73fa30628cf121ea7038d661b31ea1cd0b9264aee
swe-milestone/element-hq_element-web_v1.11.95_v1.11.97__base-offline:v1.0	hyd2apse/swe-milestone__element-hq_element-web_v1.11.95_v1.11.97__base-offline@sha256:7c0367cc633fa0367368c358d245f379e2eef534f2360cf8296ec02d9ca18ce8
swe-milestone/element-hq_element-web_v1.11.95_v1.11.97__milestone_seed_7ff1fd2_1:v1.0	hyd2apse/swe-milestone__element-hq_element-web_v1.11.95_v1.11.97__milestone_seed_7ff1fd2_1@sha256:cf8c318245280e0b0c113904a0a0eb048b63e7706a6fb73fb039069d0cabb596
swe-milestone/element-hq_element-web_v1.11.95_v1.11.97__milestone_seed_e9a3625_1_sub-01:v1.0	hyd2apse/swe-milestone__element-hq_element-web_v1.11.95_v1.11.97__milestone_seed_e9a3625_1_sub-01@sha256:7ac12b4452520b30c8a5cc1a1c2b0d3acb8b1941a914e3c67b0682fd6aba66dd
swe-milestone/element-hq_element-web_v1.11.95_v1.11.97__milestone_seed_e9a3625_1_sub-02:v1.0	hyd2apse/swe-milestone__element-hq_element-web_v1.11.95_v1.11.97__milestone_seed_e9a3625_1_sub-02@sha256:d44c237cbbff0c121d7c8a3db20ba74f678344ad7e54233d9f80422b262f8acd
swe-milestone/element-hq_element-web_v1.11.95_v1.11.97__milestone_seed_e9a3625_1_sub-03:v1.0	hyd2apse/swe-milestone__element-hq_element-web_v1.11.95_v1.11.97__milestone_seed_e9a3625_1_sub-03@sha256:afcf096b0671294a08976cc428e005800b88cbca419138ffb18e850c74314fcb
swe-milestone/element-hq_element-web_v1.11.95_v1.11.97__milestone_seed_be3778b_1:v1.0	hyd2apse/swe-milestone__element-hq_element-web_v1.11.95_v1.11.97__milestone_seed_be3778b_1@sha256:61b2defc9847a386cf6bc38dfde6d7ea134cbd12bd124b6bafb19c9e4b4a798b
swe-milestone/element-hq_element-web_v1.11.95_v1.11.97__milestone_seed_56c7fc1_1:v1.0	hyd2apse/swe-milestone__element-hq_element-web_v1.11.95_v1.11.97__milestone_seed_56c7fc1_1@sha256:5896b3dd193a4949a3687f449030203d65faf8dcb1568291211fd21a645d0825
swe-milestone/element-hq_element-web_v1.11.95_v1.11.97__milestone_seed_fba5938_1:v1.0	hyd2apse/swe-milestone__element-hq_element-web_v1.11.95_v1.11.97__milestone_seed_fba5938_1@sha256:947b4671bd1a7e64857b4b5e2aab228503048736c003d6834fa0b128037f9aeb
swe-milestone/element-hq_element-web_v1.11.95_v1.11.97__milestone_seed_aa99601_1:v1.0	hyd2apse/swe-milestone__element-hq_element-web_v1.11.95_v1.11.97__milestone_seed_aa99601_1@sha256:b9e9805cbaf32f936da4b28fd43363aed085c42c8988e8d480d57c8b625c8a9e
swe-milestone/element-hq_element-web_v1.11.95_v1.11.97__milestone_seed_f59af37_1:v1.0	hyd2apse/swe-milestone__element-hq_element-web_v1.11.95_v1.11.97__milestone_seed_f59af37_1@sha256:b7b79fb317331cf94b9b502a790679aa2544157b999afff788f70d5d94c464bd
swe-milestone/element-hq_element-web_v1.11.95_v1.11.97__milestone_seed_8bb4d44_1:v1.0	hyd2apse/swe-milestone__element-hq_element-web_v1.11.95_v1.11.97__milestone_seed_8bb4d44_1@sha256:93850a561fd88c82622c89dfc3abff75e175ecd0d18af273192d95fb24fbc2c5
swe-milestone/element-hq_element-web_v1.11.95_v1.11.97__milestone_seed_e662c19_1:v1.0	hyd2apse/swe-milestone__element-hq_element-web_v1.11.95_v1.11.97__milestone_seed_e662c19_1@sha256:02df25a6c7fa21d25089ee0a83bc25e0f72bbe095c7c6c07e72428562805e5e3
swe-milestone/element-hq_element-web_v1.11.95_v1.11.97__milestone_seed_3762d40_1:v1.0	hyd2apse/swe-milestone__element-hq_element-web_v1.11.95_v1.11.97__milestone_seed_3762d40_1@sha256:a09002b2ff9a8324822cf5668297046e299da2a85fea4e7c232dc98bd32625ae
swe-milestone/element-hq_element-web_v1.11.95_v1.11.97__milestone_seed_599112e_1:v1.0	hyd2apse/swe-milestone__element-hq_element-web_v1.11.95_v1.11.97__milestone_seed_599112e_1@sha256:1fa29623e1c0708df2050e783d2204ac08d897c3b567fd5ac7d7b35e40c644f5
swe-milestone/element-hq_element-web_v1.11.95_v1.11.97__maintenance_ui_ux:v1.0	hyd2apse/swe-milestone__element-hq_element-web_v1.11.95_v1.11.97__maintenance_ui_ux@sha256:b5ce0f0e13f31ea207bbe0f26acfe238593aaeec93112768d3a3b822ef0c8668
swe-milestone/element-hq_element-web_v1.11.95_v1.11.97__feature_enhancements:v1.0	hyd2apse/swe-milestone__element-hq_element-web_v1.11.95_v1.11.97__feature_enhancements@sha256:59e9ea30a6ad58b9f42c574254b77416864afe2d4cebe67e81641b809f875b1b
swe-milestone/element-hq_element-web_v1.11.95_v1.11.97__milestone_seed_3f47487_1:v1.0	hyd2apse/swe-milestone__element-hq_element-web_v1.11.95_v1.11.97__milestone_seed_3f47487_1@sha256:70cde60cd7728d41d0a2756225cbf99f9100fc6614f4ef4800b81f4767318f56
swe-milestone/element-hq_element-web_v1.11.95_v1.11.97__maintenance_bug_fixes:v1.0	hyd2apse/swe-milestone__element-hq_element-web_v1.11.95_v1.11.97__maintenance_bug_fixes@sha256:e1563a7fd3c4ebba8094f26029a8762158bac167bf52d59ca25bc2abd2db3dd5
swe-milestone/element-hq_element-web_v1.11.95_v1.11.97__milestone_seed_05df321_1:v1.0	hyd2apse/swe-milestone__element-hq_element-web_v1.11.95_v1.11.97__milestone_seed_05df321_1@sha256:d81737166b0efcc155364ee2993f7d173d2de1c822013df07922ececc5f97e7c
swe-milestone/nushell_nushell_0.106.0_0.108.0__base:v1.0	hyd2apse/swe-milestone__nushell_nushell_0.106.0_0.108.0__base@sha256:25bde976d1f427e35c9183af3ff6b0fc0f194c83a31353227bd92f143de2071b
swe-milestone/nushell_nushell_0.106.0_0.108.0__base-offline:v1.0	hyd2apse/swe-milestone__nushell_nushell_0.106.0_0.108.0__base-offline@sha256:eac0454fb786d59e76b1ca602fe46f4137ea0bdc6d901843c901fd520dd53852
swe-milestone/nushell_nushell_0.106.0_0.108.0__milestone_g01_48bca0a:v1.0	hyd2apse/swe-milestone__nushell_nushell_0.106.0_0.108.0__milestone_g01_48bca0a@sha256:b4ae82b3dc325cab9e0917badfa383eed67605338c30cf268b47f62d6a5422b4
swe-milestone/nushell_nushell_0.106.0_0.108.0__milestone_g02_da9615f:v1.0	hyd2apse/swe-milestone__nushell_nushell_0.106.0_0.108.0__milestone_g02_da9615f@sha256:2f2b2d89c5707898a173b725d92edcb4fccba9a2226f9558ac9dc57d19185aab
swe-milestone/nushell_nushell_0.106.0_0.108.0__milestone_g02_a647707:v1.0	hyd2apse/swe-milestone__nushell_nushell_0.106.0_0.108.0__milestone_g02_a647707@sha256:016a1793c794167904cc6bccbc95cfef5aa67db3e966d7fb1fa5a2af68567812
swe-milestone/nushell_nushell_0.106.0_0.108.0__milestone_g04_1ddae02:v1.0	hyd2apse/swe-milestone__nushell_nushell_0.106.0_0.108.0__milestone_g04_1ddae02@sha256:db1bfa492a0363f268c7704dc3a578ab216b8a6b958681b74fd906bfdf8561b7
swe-milestone/nushell_nushell_0.106.0_0.108.0__milestone_g04_ca0e961:v1.0	hyd2apse/swe-milestone__nushell_nushell_0.106.0_0.108.0__milestone_g04_ca0e961@sha256:6a4065c513481ed2326e502f4a91c77292c3f47b297cea9844ce7d0113297461
swe-milestone/nushell_nushell_0.106.0_0.108.0__milestone_g05_0b8531e:v1.0	hyd2apse/swe-milestone__nushell_nushell_0.106.0_0.108.0__milestone_g05_0b8531e@sha256:9a31b108cda2a4fa15feaa6de0d1eba2e1f54a410dba3cc835cfeaa702b055b2
swe-milestone/nushell_nushell_0.106.0_0.108.0__milestone_g05_be6e868:v1.0	hyd2apse/swe-milestone__nushell_nushell_0.106.0_0.108.0__milestone_g05_be6e868@sha256:75bba06594bfbb9dc3bbf500172959abf8ba2d002ecf563486c7daa2ba26a49b
swe-milestone/nushell_nushell_0.106.0_0.108.0__milestone_m02_parser:v1.0	hyd2apse/swe-milestone__nushell_nushell_0.106.0_0.108.0__milestone_m02_parser@sha256:5343c3e557ad0c80482ca673b1c31ace03b244acc088b952aed6f3657392630f
swe-milestone/nushell_nushell_0.106.0_0.108.0__milestone_m08_docs:v1.0	hyd2apse/swe-milestone__nushell_nushell_0.106.0_0.108.0__milestone_m08_docs@sha256:c64fd8466dd62104ef32d397974b6f642d638a975ac69911f9f428a1c528e3b9
swe-milestone/nushell_nushell_0.106.0_0.108.0__milestone_core_development.1:v1.0	hyd2apse/swe-milestone__nushell_nushell_0.106.0_0.108.0__milestone_core_development.1@sha256:d585964b34f6abe8b07ae2b05aaf390ec1ef139c850ac691907fec31576f5d36
swe-milestone/nushell_nushell_0.106.0_0.108.0__milestone_core_development.2:v1.0	hyd2apse/swe-milestone__nushell_nushell_0.106.0_0.108.0__milestone_core_development.2@sha256:66f7636789dc559da2f2d05838bd83ccdd38c93566189e62697e27fed42cfc63
swe-milestone/nushell_nushell_0.106.0_0.108.0__milestone_core_development.3:v1.0	hyd2apse/swe-milestone__nushell_nushell_0.106.0_0.108.0__milestone_core_development.3@sha256:16c5347611618cbb6a5478f80a030bc88fcace10f3c79d5d957decf3af27125f
swe-milestone/nushell_nushell_0.106.0_0.108.0__milestone_core_development.4:v1.0	hyd2apse/swe-milestone__nushell_nushell_0.106.0_0.108.0__milestone_core_development.4@sha256:6bcaee12a1f777763efc45479d651b18680db1ff0b87ea3a63fb4e3f55c26ef6
